datasets/Vote,BEOSA,25,0.9416666666666667,20000
datasets/Vote,BEOSA,50,0.9466666666666667,20000
datasets/Vote,BEOSA,75,0.9583333333333334,20000
datasets/Vote,BEOSA,100,0.955,20000
datasets/Wine,BEOSA,25,0.9249999999999999,20000
datasets/Wine,BEOSA,50,0.8916666666666666,20000
datasets/Wine,BEOSA,75,0.9416666666666667,20000
datasets/Wine,BEOSA,100,0.95,20000
datasets/Wine,BEOSA,25,0.9305555555555556,20000
datasets/Wine,BEOSA,50,0.9277777777777778,20000
datasets/Wine,BEOSA,75,0.9277777777777778,20000
datasets/Wine,BEOSA,100,0.9111111111111111,20000
datasets/Tic-tac-toe,BEOSA,25,0.7390625,20000
datasets/Tic-tac-toe,BEOSA,50,0.75625,20000
datasets/Tic-tac-toe,BEOSA,75,0.7640625,20000
datasets/Tic-tac-toe,BEOSA,100,0.7416666666666667,20000
datasets/Tic-tac-toe,BEOSA,25,0.7255208333333333,20000
datasets/Tic-tac-toe,BEOSA,50,0.7510416666666667,20000
datasets/Tic-tac-toe,BEOSA,75,0.7625,20000
datasets/Wine,BEOSA,25,0.9388888888888889,20000
datasets/Wine,BEOSA,50,0.9194444444444444,20000
datasets/Wine,BEOSA,75,0.9361111111111111,20000
datasets/Wine,BEOSA,100,0.9555555555555555,20000
