datasets/Vote,BGWO,25,0.86,20000
datasets/Vote,BGWO,50,0.8966666666666666,20000
datasets/Vote,BGWO,75,0.885,20000
datasets/Vote,BGWO,100,0.8933333333333333,20000
datasets/Wine,BGWO,25,0.7722222222222223,20000
datasets/Wine,BGWO,50,0.7388888888888889,20000
datasets/Wine,BGWO,75,0.7833333333333333,20000
datasets/Wine,BGWO,100,0.7638888888888888,20000
datasets/Wine,BGWO,25,0.7527777777777778,20000
datasets/Wine,BGWO,50,0.75,7.0
datasets/Wine,BGWO,75,0.7027777777777777,20000
datasets/Wine,BGWO,100,0.7416666666666667,20000
