datasets/Vote,BIEOSA,25,0.8416666666666667,20000
datasets/Vote,BIEOSA,50,0.8333333333333334,6.0
datasets/Vote,BIEOSA,75,0.8783333333333333,20000
datasets/Vote,BIEOSA,100,0.8200000000000001,20000
datasets/Wine,BIEOSA,25,0.7638888888888888,20000
datasets/Wine,BIEOSA,50,0.7916666666666666,20000
datasets/Wine,BIEOSA,75,0.7888888888888889,20000
datasets/Wine,BIEOSA,100,0.7916666666666666,20000
datasets/Wine,BIEOSA,25,0.75,4.0
datasets/Wine,BIEOSA,50,0.8138888888888889,20000
datasets/Wine,BIEOSA,75,0.7638888888888888,20000
datasets/Wine,BIEOSA,100,0.7694444444444445,20000
datasets/Tic-tac-toe,BIEOSA,25,0.6286458333333333,20000
datasets/Tic-tac-toe,BIEOSA,50,0.665625,20000
datasets/Tic-tac-toe,BIEOSA,75,0.6552083333333333,20000
datasets/Tic-tac-toe,BIEOSA,100,0.6244791666666667,20000
datasets/Tic-tac-toe,BIEOSA,25,0.65625,20000
datasets/Tic-tac-toe,BIEOSA,50,0.6666666666666666,3.0
datasets/Tic-tac-toe,BIEOSA,75,0.6375,20000
datasets/Tic-tac-toe,BIEOSA,100,0.6692708333333334,20000
datasets/Wine,BIEOSA,25,0.825,20000
datasets/Wine,BIEOSA,50,0.7277777777777777,20000
datasets/Wine,BIEOSA,75,0.8111111111111111,20000
datasets/Wine,BIEOSA,100,0.8027777777777778,20000
