datasets/Vote,BPSO,25,0.935,20000
datasets/Vote,BPSO,50,0.9283333333333333,20000
datasets/Vote,BPSO,75,0.945,20000
datasets/Vote,BPSO,100,0.945,20000
datasets/Wine,BPSO,25,0.9111111111111111,20000
datasets/Wine,BPSO,50,0.9027777777777778,20000
datasets/Wine,BPSO,75,0.9277777777777778,20000
datasets/Wine,BPSO,100,0.8888888888888888,1.0
datasets/Tic-tac-toe,BPSO,25,0.7385416666666667,20000
datasets/Tic-tac-toe,BPSO,50,0.7515625,20000
datasets/Wine,BPSO,25,0.8833333333333333,20000
datasets/Wine,BPSO,50,0.9222222222222223,20000
datasets/Wine,BPSO,75,0.9416666666666667,20000
datasets/Wine,BPSO,100,0.9277777777777777,20000
