datasets/Vote,BSNDO,25,0.9333333333333333,6.998093152719877
datasets/Vote,BSNDO,50,0.9333333333333333,6.998093152719877
datasets/Vote,BSNDO,75,0.9333333333333333,6.998093152719877
datasets/Vote,BSNDO,100,0.9333333333333333,6.998093152719877
datasets/Wine,BSNDO,25,0.7222222222222222,2.628783097625198
datasets/Wine,BSNDO,50,0.7222222222222222,2.628783097625198
datasets/Wine,BSNDO,75,0.7222222222222222,2.628783097625198
datasets/Wine,BSNDO,100,0.7222222222222222,2.628783097625198
datasets/Tic-tac-toe,BSNDO,25,0.7135416666666666,4.0
datasets/Tic-tac-toe,BSNDO,50,0.7135416666666666,4.0
datasets/Tic-tac-toe,BSNDO,75,0.7135416666666666,4.0
datasets/Tic-tac-toe,BSNDO,100,0.7135416666666666,4.0
datasets/Wine,BSNDO,25,0.7777777777777778,5.0
datasets/Wine,BSNDO,50,0.7777777777777778,5.0
datasets/Wine,BSNDO,75,0.7777777777777778,5.0
datasets/Wine,BSNDO,100,0.7777777777777778,5.0
