datasets/Vote,BWOA,25,0.875,20000
datasets/Vote,BWOA,50,0.8833333333333333,10.0
datasets/Vote,BWOA,75,0.8916666666666666,20000
datasets/Vote,BWOA,100,0.8916666666666666,20000
datasets/Wine,BWOA,25,0.7305555555555555,20000
datasets/Wine,BWOA,50,0.7083333333333334,20000
datasets/Wine,BWOA,75,0.7472222222222222,20000
datasets/Wine,BWOA,100,0.7638888888888888,20000
datasets/Wine,BWOA,25,0.7583333333333333,20000
datasets/Wine,BWOA,50,0.7472222222222222,20000
datasets/Wine,BWOA,75,0.75,12.0
datasets/Wine,BWOA,100,0.7972222222222223,20000
