datasets/BreastEW,BIEOSA,25,0.8850877192982456,20000
datasets/BreastEW,BIEOSA,50,0.8894736842105263,20000
datasets/BreastEW,BIEOSA,75,0.8464912280701754,20000
datasets/BreastEW,BIEOSA,100,0.8868421052631579,20000
datasets/Ionosphere,BIEOSA,25,0.8428571428571429,4.0
datasets/Ionosphere,BIEOSA,50,0.8728571428571429,20000
datasets/Ionosphere,BIEOSA,75,0.8442857142857143,20000
datasets/Ionosphere,BIEOSA,100,0.8157142857142857,20000
datasets/KrVsKpEW,BIEOSA,25,0.6500782472613459,20000
datasets/KrVsKpEW,BIEOSA,50,0.6962441314553991,20000
datasets/KrVsKpEW,BIEOSA,75,0.685133020344288,20000
datasets/KrVsKpEW,BIEOSA,100,0.7350547730829421,20000
datasets/lung,BIEOSA,25,0.9365853658536585,20000
datasets/lung,BIEOSA,50,0.9341463414634146,20000
datasets/lung,BIEOSA,75,0.9560975609756097,20000
datasets/lung,BIEOSA,100,0.9536585365853658,20000
