datasets/BreastEW,BSNDO,25,0.8947368421052632,8.0
datasets/BreastEW,BSNDO,50,0.8947368421052632,8.0
datasets/BreastEW,BSNDO,75,0.8947368421052632,8.0
datasets/BreastEW,BSNDO,100,0.8947368421052632,8.0
datasets/Ionosphere,BSNDO,25,0.7285714285714285,8.425673807894324
datasets/Ionosphere,BSNDO,50,0.7285714285714285,8.425673807894324
datasets/Ionosphere,BSNDO,75,0.7285714285714285,8.425673807894324
datasets/Ionosphere,BSNDO,100,0.7285714285714285,8.425673807894324
datasets/KrVsKpEW,BSNDO,25,0.672926447574335,2.440145207750273
datasets/KrVsKpEW,BSNDO,50,0.672926447574335,2.440145207750273
datasets/KrVsKpEW,BSNDO,75,0.672926447574335,2.440145207750273
datasets/KrVsKpEW,BSNDO,100,0.672926447574335,2.440145207750273
