datasets/Ionosphere,BEOSA,25,0.8985714285714286,20000
datasets/Ionosphere,BEOSA,50,0.9042857142857142,20000
datasets/Ionosphere,BEOSA,75,0.9085714285714286,20000
datasets/Ionosphere,BEOSA,100,0.9014285714285715,20000
datasets/Lymphography,BEOSA,25,0.8233333333333334,20000
datasets/Lymphography,BEOSA,50,0.8566666666666667,20000
datasets/Lymphography,BEOSA,75,0.8500000000000001,20000
datasets/Lymphography,BEOSA,100,0.8400000000000001,20000
datasets/BreastEW,BEOSA,25,0.9473684210526315,3.0
datasets/BreastEW,BEOSA,50,0.9289473684210526,20000
datasets/BreastEW,BEOSA,75,0.9473684210526315,3.0
datasets/BreastEW,BEOSA,100,0.9473684210526315,5.0
datasets/colon,BEOSA,25,1.0,23.0
datasets/colon,BEOSA,50,1.0,102.0
datasets/colon,BEOSA,75,1.0,46.0
datasets/colon,BEOSA,100,1.0,21.0
datasets/Zoo,BEOSA,25,0.935,20000
datasets/Zoo,BEOSA,50,0.9349999999999999,20000
datasets/Zoo,BEOSA,75,0.94,20000
datasets/Zoo,BEOSA,100,0.925,20000
datasets/Zoo,BEOSA,25,0.9,6.0
datasets/Zoo,BEOSA,50,0.915,20000
datasets/Zoo,BEOSA,75,0.955,20000
datasets/Zoo,BEOSA,100,0.9299999999999999,20000
