datasets/Ionosphere,BGWO,25,0.8457142857142858,20000
datasets/Ionosphere,BGWO,50,0.8242857142857143,20000
datasets/Ionosphere,BGWO,75,0.8442857142857143,20000
datasets/Ionosphere,BGWO,100,0.8342857142857143,20000
datasets/Lymphography,BGWO,25,0.75,20000
datasets/Lymphography,BGWO,50,0.73,20000
datasets/Lymphography,BGWO,75,0.7333333333333334,20000
datasets/Lymphography,BGWO,100,0.7633333333333333,20000
datasets/colon,BGWO,25,0.9384615384615385,20000
datasets/colon,BGWO,50,0.9769230769230769,20000
datasets/colon,BGWO,75,0.9846153846153847,20000
datasets/colon,BGWO,100,0.9153846153846154,20000
