datasets/Ionosphere,BPSO,25,0.8985714285714286,20000
datasets/Ionosphere,BPSO,50,0.9057142857142857,20000
datasets/Ionosphere,BPSO,75,0.9085714285714286,20000
datasets/Ionosphere,BPSO,100,0.9314285714285715,20000
datasets/Lymphography,BPSO,25,0.8533333333333334,20000
datasets/Lymphography,BPSO,50,0.8733333333333334,20000
datasets/Lymphography,BPSO,75,0.88,20000
datasets/Lymphography,BPSO,100,0.87,20000
datasets/colon,BPSO,25,1.0,1.0
datasets/colon,BPSO,50,1.0,1.0
datasets/colon,BPSO,75,1.0,1.0
datasets/colon,BPSO,100,1.0,1.0
