datasets/lung,BIEOSA,25,0.9536585365853658,20000
datasets/lung,BIEOSA,50,0.9414634146341463,20000
datasets/lung,BIEOSA,75,0.9341463414634146,20000
datasets/lung,BIEOSA,100,0.948780487804878,20000
datasets/M-of-n,BIEOSA,25,0.698,20000
datasets/M-of-n,BIEOSA,50,0.6855,20000
datasets/M-of-n,BIEOSA,75,0.636,20000
datasets/M-of-n,BIEOSA,100,0.7375,20000
datasets/leukemia,BIEOSA,25,0.9133333333333333,20000
datasets/leukemia,BIEOSA,50,0.96,20000
datasets/leukemia,BIEOSA,75,0.96,20000
datasets/leukemia,BIEOSA,100,0.98,20000
datasets/Prostate,BIEOSA,25,0.9285714285714286,20000
datasets/Prostate,BIEOSA,50,0.8904761904761904,20000
datasets/Prostate,BIEOSA,75,0.8380952380952381,20000
datasets/Prostate,BIEOSA,100,0.8857142857142857,20000
