datasets/BreastEW,BDMO,25,0.8921052631578947,20000
datasets/BreastEW,BDMO,50,0.8526315789473684,20000
datasets/BreastEW,BDMO,75,0.7543859649122807,20000
datasets/BreastEW,BDMO,100,0.7912280701754386,20000
datasets/SpectEW,BDMO,25,0.6962962962962963,20000
datasets/SpectEW,BDMO,50,0.7277777777777777,20000
datasets/SpectEW,BDMO,75,0.7296296296296296,20000
datasets/SpectEW,BDMO,100,0.7351851851851852,20000
datasets/WaveformEW,BDMO,25,0.5461,20000
datasets/WaveformEW,BDMO,50,0.4475,20000
datasets/Exactly,BDMO,25,0.5765,20000
datasets/Exactly,BDMO,50,0.621,20000
datasets/Exactly,BDMO,75,0.5405,20000
datasets/Exactly,BDMO,100,0.575,6.0
