datasets/colon,BEOSA,25,0.9538461538461539,20000
datasets/colon,BEOSA,50,0.9923076923076923,20000
datasets/BreastEW,BEOSA,25,0.9429824561403509,20000
datasets/BreastEW,BEOSA,50,0.9456140350877192,20000
datasets/BreastEW,BEOSA,75,0.9377192982456141,20000
datasets/BreastEW,BEOSA,100,0.9429824561403508,20000
datasets/SpectEW,BEOSA,25,0.85,20000
datasets/SpectEW,BEOSA,50,0.8444444444444444,20000
datasets/SpectEW,BEOSA,75,0.825925925925926,20000
datasets/SpectEW,BEOSA,100,0.8444444444444444,20000
datasets/WaveformEW,BEOSA,25,0.8065,20000
datasets/WaveformEW,BEOSA,50,0.7973,20000
datasets/WaveformEW,BEOSA,75,0.7919,20000
datasets/WaveformEW,BEOSA,100,0.79,19.0
datasets/Exactly,BEOSA,25,0.7115,20000
datasets/Exactly,BEOSA,50,0.7145,20000
datasets/Exactly,BEOSA,75,0.693,20000
datasets/Exactly,BEOSA,100,0.7354999999999999,20000
