datasets/colon,BIEOSA,25,0.8615384615384616,20000
datasets/colon,BIEOSA,50,0.9076923076923077,20000
datasets/colon,BIEOSA,75,0.8230769230769232,20000
datasets/colon,BIEOSA,100,0.9,20000
datasets/BreastEW,BIEOSA,25,0.8973684210526316,20000
datasets/BreastEW,BIEOSA,50,0.8807017543859649,20000
datasets/BreastEW,BIEOSA,75,0.9149122807017543,20000
datasets/BreastEW,BIEOSA,100,0.9026315789473685,20000
datasets/SpectEW,BIEOSA,25,0.7833333333333333,20000
datasets/SpectEW,BIEOSA,50,0.812962962962963,20000
datasets/SpectEW,BIEOSA,75,0.787037037037037,20000
datasets/SpectEW,BIEOSA,100,0.8037037037037037,20000
datasets/WaveformEW,BIEOSA,25,0.7038,20000
datasets/WaveformEW,BIEOSA,50,0.6119,20000
datasets/WaveformEW,BIEOSA,75,0.6025,20000
datasets/WaveformEW,BIEOSA,100,0.6222,20000
datasets/Exactly,BIEOSA,25,0.6054999999999999,20000
datasets/Exactly,BIEOSA,50,0.627,20000
datasets/Exactly,BIEOSA,75,0.657,20000
datasets/Exactly,BIEOSA,100,0.6265,20000
