datasets/BreastEW,BSNDO,25,0.6929824561403509,3.0
datasets/BreastEW,BSNDO,50,0.6929824561403509,3.0
datasets/BreastEW,BSNDO,75,0.6929824561403509,3.0
datasets/BreastEW,BSNDO,100,0.6929824561403509,3.0
datasets/SpectEW,BSNDO,25,0.7407407407407407,3.101365683249758
datasets/SpectEW,BSNDO,50,0.7407407407407407,3.101365683249758
datasets/SpectEW,BSNDO,75,0.7407407407407407,3.101365683249758
datasets/SpectEW,BSNDO,100,0.7407407407407407,3.101365683249758
datasets/Exactly,BSNDO,25,0.55,2.440001018283566
datasets/Exactly,BSNDO,50,0.55,2.440001018283566
datasets/Exactly,BSNDO,75,0.55,2.440001018283566
datasets/Exactly,BSNDO,100,0.55,2.440001018283566
