datasets/Sonar,BIEOSA,25,0.8166666666666667,20000
datasets/Sonar,BIEOSA,50,0.8095238095238095,20000
datasets/Sonar,BIEOSA,75,0.8285714285714285,20000
datasets/Sonar,BIEOSA,100,0.780952380952381,20000
datasets/SpectEW,BIEOSA,25,0.7814814814814814,20000
datasets/SpectEW,BIEOSA,50,0.8018518518518518,20000
datasets/SpectEW,BIEOSA,75,0.7814814814814814,20000
datasets/SpectEW,BIEOSA,100,0.8037037037037037,20000
datasets/Tic-tac-toe,BIEOSA,25,0.6307291666666667,20000
datasets/Tic-tac-toe,BIEOSA,50,0.6697916666666667,20000
datasets/Tic-tac-toe,BIEOSA,75,0.6401041666666667,20000
datasets/Tic-tac-toe,BIEOSA,100,0.6479166666666667,20000
datasets/KrVsKpEW,BIEOSA,25,0.665414710485133,20000
datasets/KrVsKpEW,BIEOSA,50,0.6884194053208138,20000
datasets/KrVsKpEW,BIEOSA,75,0.7622848200312989,20000
datasets/KrVsKpEW,BIEOSA,100,0.7298904538341158,20000
datasets/KrVsKpEW,BIEOSA,25,0.6682316118935837,20000
datasets/KrVsKpEW,BIEOSA,50,0.6985915492957746,20000
datasets/KrVsKpEW,BIEOSA,75,0.6591549295774648,20000
datasets/KrVsKpEW,BIEOSA,100,0.67339593114241,20000
