datasets/prostate,BEOSA,25,0.9809523809523809,20000
datasets/prostate,BEOSA,50,1.0,174.0
datasets/prostate,BEOSA,75,1.0,333.0
datasets/prostate,BEOSA,100,0.9952380952380953,20000
datasets/prostate,BEOSA,25,0.9904761904761905,20000
datasets/prostate,BEOSA,50,1.0,203.0
datasets/prostate,BEOSA,75,0.9952380952380953,20000
datasets/prostate,BEOSA,100,1.0,11.0
datasets/lung,BEOSA,25,0.9780487804878049,20000
datasets/lung,BEOSA,50,0.9902439024390244,20000
datasets/lung,BEOSA,75,0.9878048780487805,20000
datasets/lung,BEOSA,100,0.9634146341463414,20000
datasets/Zoo,BEOSA,25,0.92,20000
datasets/Zoo,BEOSA,50,0.94,20000
datasets/Zoo,BEOSA,75,0.905,20000
datasets/Zoo,BEOSA,100,0.905,20000
