datasets/prostate,BIEOSA,25,0.9047619047619048,728.0
datasets/prostate,BIEOSA,50,0.919047619047619,20000
datasets/prostate,BIEOSA,75,0.8952380952380952,20000
datasets/prostate,BIEOSA,100,0.9047619047619048,20000
datasets/prostate,BIEOSA,25,0.9095238095238095,20000
datasets/prostate,BIEOSA,50,0.8857142857142857,20000
datasets/prostate,BIEOSA,75,0.8857142857142857,20000
datasets/prostate,BIEOSA,100,0.8285714285714285,20000
datasets/lung,BIEOSA,25,0.9560975609756097,20000
datasets/lung,BIEOSA,50,0.948780487804878,20000
datasets/lung,BIEOSA,75,0.9390243902439025,20000
datasets/lung,BIEOSA,100,0.9439024390243902,20000
datasets/Zoo,BIEOSA,25,0.75,20000
datasets/Zoo,BIEOSA,50,0.795,20000
datasets/Zoo,BIEOSA,75,0.75,2.0
datasets/Zoo,BIEOSA,100,0.785,20000
