datasets/CongressEW,BEOSA,25,0.962068966,20000
datasets/CongressEW,BEOSA,50,0.956321839,20000
datasets/CongressEW,BEOSA,75,0.964367816,20000
datasets/CongressEW,BEOSA,100,0.966666667,20000
datasets/Exactly,BEOSA,25,0.6995,20000
datasets/Exactly,BEOSA,50,0.713,20000
datasets/Exactly,BEOSA,75,0.711,20000
datasets/Exactly,BEOSA,100,0.7475,20000
datasets/Exactly2,BEOSA,25,0.762,20000
datasets/Exactly2,BEOSA,50,0.7625,20000
datasets/Exactly2,BEOSA,75,0.7625,20000
datasets/Exactly2,BEOSA,100,0.761,20000
datasets/HeartEW,BEOSA,25,0.774074074,20000
datasets/HeartEW,BEOSA,50,0.775925926,20000
datasets/HeartEW,BEOSA,75,0.807407407,20000
datasets/HeartEW,BEOSA,100,0.807407407,20000
datasets/CongressEW,BEOSA,25,0.96091954,20000
datasets/CongressEW,BEOSA,50,0.95862069,20000
datasets/CongressEW,BEOSA,75,0.964367816,20000
datasets/CongressEW,BEOSA,100,0.956321839,20000
datasets/CongressEW,BEOSA,25,0.935632184,20000
datasets/CongressEW,BEOSA,50,0.962068966,20000
datasets/CongressEW,BEOSA,75,0.966666667,20000
datasets/CongressEW,BEOSA,100,0.964367816,20000
datasets/WaveformEW,BEOSA,25,0.792,20000
datasets/WaveformEW,BEOSA,50,0.7949,20000
datasets/WaveformEW,BEOSA,75,0.8021,20000
datasets/iris,BEOSA,25,0.956666667,20000
datasets/iris,BEOSA,50,0.946666667,20000
datasets/iris,BEOSA,75,0.966666667,1
datasets/iris,BEOSA,100,0.926666667,20000
