datasets/CongressEW,BIEOSA,25,0.8988505747126436,20000
datasets/CongressEW,BIEOSA,50,0.9103448275862069,20000
datasets/CongressEW,BIEOSA,75,0.8862068965517241,20000
datasets/CongressEW,BIEOSA,100,0.903448275862069,20000
datasets/Exactly,BIEOSA,25,0.624,20000
datasets/Exactly,BIEOSA,50,0.6565,20000
datasets/Exactly,BIEOSA,75,0.6435,20000
datasets/Exactly,BIEOSA,100,0.6859999999999999,20000
datasets/Exactly2,BIEOSA,25,0.7495,20000
datasets/Exactly2,BIEOSA,50,0.7435,20000
datasets/Exactly2,BIEOSA,75,0.7375,20000
datasets/Exactly2,BIEOSA,100,0.7324999999999999,20000
datasets/HeartEW,BIEOSA,25,0.6907407407407408,20000
datasets/HeartEW,BIEOSA,50,0.6592592592592592,20000
datasets/HeartEW,BIEOSA,75,0.687037037037037,20000
datasets/HeartEW,BIEOSA,100,0.6685185185185185,20000
datasets/CongressEW,BIEOSA,25,0.8390804597701149,3.0
datasets/CongressEW,BIEOSA,50,0.8160919540229885,20000
datasets/CongressEW,BIEOSA,75,0.8448275862068966,20000
datasets/CongressEW,BIEOSA,100,0.8482758620689655,20000
datasets/CongressEW,BIEOSA,25,0.8827586206896552,20000
datasets/CongressEW,BIEOSA,50,0.8528735632183908,20000
datasets/CongressEW,BIEOSA,75,0.8057471264367816,20000
datasets/CongressEW,BIEOSA,100,0.8931034482758621,20000
datasets/WaveformEW,BIEOSA,25,0.6966,20000
datasets/WaveformEW,BIEOSA,50,0.7087,20000
datasets/WaveformEW,BIEOSA,75,0.6841999999999999,20000
datasets/WaveformEW,BIEOSA,100,0.6759,20000
datasets/iris,BIEOSA,25,0.86,20000
datasets/iris,BIEOSA,50,0.86,20000
datasets/iris,BIEOSA,75,0.8066666666666666,20000
datasets/iris,BIEOSA,100,0.74,20000
datasets/WaveformEW,BIEOSA,25,0.6944,20000
datasets/WaveformEW,BIEOSA,50,0.6995,20000
datasets/WaveformEW,BIEOSA,75,0.6354,20000
datasets/WaveformEW,BIEOSA,100,0.6893,20000
