datasets/CongressEW,BSFO,25,0.843678161,20000
datasets/CongressEW,BSFO,50,0.852873563,20000
datasets/CongressEW,BSFO,75,0.83908046,20000
datasets/CongressEW,BSFO,100,0.851724138,20000
datasets/Exactly,BSFO,25,0.622,20000
datasets/Exactly,BSFO,50,0.6215,20000
datasets/Exactly,BSFO,75,0.6365,20000
datasets/Exactly,BSFO,100,0.6125,20000
datasets/Exactly2,BSFO,25,0.727,20000
datasets/Exactly2,BSFO,50,0.711,20000
datasets/Exactly2,BSFO,75,0.7005,20000
datasets/Exactly2,BSFO,100,0.6859999999999999,20000
