datasets/CongressEW,BDMO,25,0.8149425287356322,20000
datasets/CongressEW,BDMO,50,0.6793103448275862,20000
datasets/CongressEW,BDMO,75,0.7482758620689656,20000
datasets/CongressEW,BDMO,100,0.771264367816092,20000
datasets/Exactly,BDMO,25,0.5545,20000
datasets/Exactly,BDMO,50,0.591,20000
datasets/Exactly,BDMO,75,0.5655,20000
datasets/Exactly,BDMO,100,0.5685,20000
datasets/Exactly2,BDMO,25,0.664,20000
datasets/Exactly2,BDMO,50,0.6365000000000001,20000
datasets/Exactly2,BDMO,75,0.6875,20000
datasets/Exactly2,BDMO,100,0.626,20000
datasets/HeartEW,BDMO,25,0.5481481481481482,20000
datasets/HeartEW,BDMO,50,0.5722222222222222,20000
datasets/HeartEW,BDMO,75,0.5555555555555556,20000
datasets/HeartEW,BDMO,100,0.5314814814814814,20000
datasets/CongressEW,BDMO,25,0.825287356321839,20000
datasets/CongressEW,BDMO,50,0.7609195402298851,20000
datasets/CongressEW,BDMO,75,0.7160919540229885,20000
datasets/CongressEW,BDMO,100,0.7551724137931034,20000
datasets/CongressEW,BDMO,25,0.7977011494252874,20000
datasets/CongressEW,BDMO,50,0.8195402298850575,20000
datasets/CongressEW,BDMO,75,0.7988505747126436,20000
datasets/CongressEW,BDMO,100,0.728735632183908,20000
datasets/iris,BDMO,25,0.6366666666666667,20000
datasets/iris,BDMO,50,0.7533333333333333,20000
datasets/iris,BDMO,75,0.6333333333333333,20000
datasets/iris,BDMO,100,0.6866666666666666,20000
