datasets/CongressEW,BEOSA,25,0.9620689655172414,20000
datasets/CongressEW,BEOSA,50,0.9563218390804598,20000
datasets/CongressEW,BEOSA,75,0.964367816091954,20000
datasets/CongressEW,BEOSA,100,0.9666666666666667,20000
datasets/Exactly,BEOSA,25,0.6995,20000
datasets/Exactly,BEOSA,50,0.713,20000
datasets/Exactly,BEOSA,75,0.711,20000
datasets/Exactly,BEOSA,100,0.7474999999999999,20000
datasets/Exactly2,BEOSA,25,0.762,20000
datasets/Exactly2,BEOSA,50,0.7625,20000
datasets/Exactly2,BEOSA,75,0.7625,20000
datasets/Exactly2,BEOSA,100,0.761,20000
datasets/HeartEW,BEOSA,25,0.7740740740740741,20000
datasets/HeartEW,BEOSA,50,0.7759259259259259,20000
datasets/HeartEW,BEOSA,75,0.8074074074074074,20000
datasets/HeartEW,BEOSA,100,0.8074074074074074,20000
datasets/CongressEW,BEOSA,25,0.960919540229885,20000
datasets/CongressEW,BEOSA,50,0.9586206896551724,20000
datasets/CongressEW,BEOSA,75,0.964367816091954,20000
datasets/CongressEW,BEOSA,100,0.9563218390804598,20000
datasets/CongressEW,BEOSA,25,0.9356321839080459,20000
datasets/CongressEW,BEOSA,50,0.9620689655172414,20000
datasets/CongressEW,BEOSA,75,0.9666666666666667,20000
datasets/CongressEW,BEOSA,100,0.964367816091954,20000
datasets/WaveformEW,BEOSA,25,0.792,20000
datasets/WaveformEW,BEOSA,50,0.7949,20000
datasets/WaveformEW,BEOSA,75,0.8021,20000
datasets/iris,BEOSA,25,0.9566666666666667,20000
datasets/iris,BEOSA,50,0.9466666666666667,20000
datasets/iris,BEOSA,75,0.9666666666666667,1.0
datasets/iris,BEOSA,100,0.9266666666666666,20000
