datasets/Exactly,BGWO,25,0.673,20000
datasets/Exactly,BGWO,50,0.6605,20000
datasets/Exactly,BGWO,75,0.696,20000
datasets/Exactly,BGWO,100,0.674,20000
datasets/Exactly2,BGWO,25,0.7175,20000
datasets/Exactly2,BGWO,50,0.712,20000
datasets/Exactly2,BGWO,75,0.7115,20000
datasets/Exactly2,BGWO,100,0.715,20000
datasets/HeartEW,BGWO,25,0.6833333333333333,20000
datasets/HeartEW,BGWO,50,0.6555555555555556,20000
datasets/HeartEW,BGWO,75,0.624074074074074,20000
datasets/HeartEW,BGWO,100,0.6962962962962963,20000
datasets/CongressEW,BGWO,25,0.9264367816091954,20000
datasets/CongressEW,BGWO,50,0.9195402298850575,12.0
datasets/CongressEW,BGWO,75,0.9390804597701149,20000
datasets/CongressEW,BGWO,100,0.9333333333333333,20000
datasets/CongressEW,BGWO,25,0.8919540229885057,20000
datasets/CongressEW,BGWO,50,0.9298850574712644,20000
datasets/CongressEW,BGWO,75,0.9045977011494253,20000
datasets/CongressEW,BGWO,100,0.9344827586206896,20000
