datasets/CongressEW,BPSO,25,0.9540229885057471,1.0
datasets/CongressEW,BPSO,50,0.967816091954023,20000
datasets/CongressEW,BPSO,75,0.960919540229885,20000
datasets/CongressEW,BPSO,100,0.9620689655172414,20000
datasets/Exactly,BPSO,25,0.718,20000
datasets/Exactly,BPSO,50,0.761,20000
datasets/Exactly,BPSO,75,0.8285,20000
datasets/Exactly,BPSO,100,0.76,20000
datasets/Exactly2,BPSO,25,0.761,20000
datasets/Exactly2,BPSO,50,0.762,20000
datasets/Exactly2,BPSO,75,0.761,20000
datasets/Exactly2,BPSO,100,0.766,20000
datasets/HeartEW,BPSO,25,0.7833333333333333,20000
datasets/HeartEW,BPSO,50,0.8018518518518518,20000
datasets/HeartEW,BPSO,75,0.7851851851851852,20000
datasets/HeartEW,BPSO,100,0.8018518518518518,20000
datasets/CongressEW,BPSO,25,0.964367816091954,20000
datasets/CongressEW,BPSO,50,0.9609195402298851,20000
datasets/CongressEW,BPSO,75,0.9666666666666667,20000
datasets/CongressEW,BPSO,100,0.9597701149425287,20000
datasets/CongressEW,BPSO,25,0.9540229885057472,20000
datasets/CongressEW,BPSO,50,0.967816091954023,20000
datasets/CongressEW,BPSO,75,0.9724137931034482,20000
datasets/CongressEW,BPSO,100,0.9344827586206896,20000
datasets/iris,BPSO,25,0.9566666666666667,20000
datasets/iris,BPSO,50,0.9533333333333334,20000
datasets/iris,BPSO,75,0.9666666666666667,1.0
datasets/iris,BPSO,100,0.9433333333333334,20000
