datasets/CongressEW,BSNDO,25,0.8275862068965517,2.3770296159383264
datasets/CongressEW,BSNDO,50,0.8275862068965517,2.3770296159383264
datasets/CongressEW,BSNDO,75,0.8275862068965517,2.3770296159383264
datasets/CongressEW,BSNDO,100,0.8275862068965517,2.3770296159383264
datasets/Exactly,BSNDO,25,0.625,2.1855096095359965
datasets/Exactly,BSNDO,50,0.625,2.1855096095359965
datasets/Exactly,BSNDO,75,0.625,2.1855096095359965
datasets/Exactly,BSNDO,100,0.625,2.1855096095359965
datasets/Exactly2,BSNDO,25,0.59,2.0
datasets/Exactly2,BSNDO,50,0.59,2.0
datasets/Exactly2,BSNDO,75,0.59,2.0
datasets/Exactly2,BSNDO,100,0.59,2.0
datasets/HeartEW,BSNDO,25,0.48148148148148145,1.0
datasets/HeartEW,BSNDO,50,0.48148148148148145,1.0
datasets/HeartEW,BSNDO,75,0.48148148148148145,1.0
datasets/HeartEW,BSNDO,100,0.48148148148148145,1.0
datasets/CongressEW,BSNDO,25,0.8620689655172413,4.0
datasets/CongressEW,BSNDO,50,0.8620689655172413,4.0
datasets/CongressEW,BSNDO,75,0.8620689655172413,4.0
datasets/CongressEW,BSNDO,100,0.8620689655172413,4.0
datasets/CongressEW,BSNDO,25,0.6206896551724138,1.0
datasets/CongressEW,BSNDO,50,0.6206896551724138,1.0
datasets/CongressEW,BSNDO,75,0.6206896551724138,1.0
datasets/CongressEW,BSNDO,100,0.6206896551724138,1.0
datasets/iris,BSNDO,25,0.5666666666666667,1.0
datasets/iris,BSNDO,50,0.5666666666666667,1.0
datasets/iris,BSNDO,75,0.5666666666666667,1.0
datasets/iris,BSNDO,100,0.5666666666666667,1.0
