datasets/CongressEW,BWOA,25,0.9126436781609195,20000
datasets/CongressEW,BWOA,50,0.9333333333333333,20000
datasets/CongressEW,BWOA,75,0.9310344827586207,20000
datasets/CongressEW,BWOA,100,0.9045977011494253,20000
datasets/Exactly,BWOA,25,0.6575,20000
datasets/Exactly,BWOA,50,0.6715,20000
datasets/Exactly,BWOA,75,0.6645,20000
datasets/Exactly,BWOA,100,0.649,20000
datasets/Exactly2,BWOA,25,0.707,20000
datasets/Exactly2,BWOA,50,0.7275,20000
datasets/Exactly2,BWOA,75,0.721,20000
datasets/Exactly2,BWOA,100,0.7344999999999999,20000
datasets/HeartEW,BWOA,25,0.6537037037037037,20000
datasets/HeartEW,BWOA,50,0.6296296296296297,9.0
datasets/HeartEW,BWOA,75,0.6666666666666666,9.0
datasets/HeartEW,BWOA,100,0.6962962962962963,20000
datasets/CongressEW,BWOA,25,0.9103448275862069,20000
datasets/CongressEW,BWOA,50,0.9160919540229885,20000
datasets/CongressEW,BWOA,75,0.9264367816091954,20000
datasets/CongressEW,BWOA,100,0.9103448275862069,20000
datasets/CongressEW,BWOA,25,0.9045977011494253,20000
datasets/CongressEW,BWOA,50,0.9011494252873563,20000
datasets/CongressEW,BWOA,75,0.9413793103448276,20000
datasets/CongressEW,BWOA,100,0.9,20000
