datasets/Vote,BDMO,25,0.7383333333333333,20000
datasets/Vote,BDMO,50,0.7016666666666667,20000
datasets/Vote,BDMO,75,0.7733333333333333,20000
datasets/Vote,BDMO,100,0.785,20000
datasets/KrVsKpEW,BDMO,25,0.5838810641627543,20000
datasets/KrVsKpEW,BDMO,50,0.544131455399061,20000
datasets/KrVsKpEW,BDMO,75,0.5435054773082942,20000
datasets/KrVsKpEW,BDMO,100,0.5453834115805947,20000
datasets/lung,BDMO,25,0.9097560975609756,20000
datasets/lung,BDMO,50,0.9073170731707317,20000
datasets/lung,BDMO,75,0.9048780487804878,20000
datasets/lung,BDMO,100,0.926829268292683,1547.4113810144606
