datasets/Vote,BEOSA,25,0.9349999999999999,20000
datasets/Vote,BEOSA,50,0.9733333333333333,20000
datasets/Vote,BEOSA,75,0.9566666666666667,20000
datasets/Vote,BEOSA,100,0.965,20000
datasets/KrVsKpEW,BEOSA,25,0.8965571205007825,20000
datasets/KrVsKpEW,BEOSA,50,0.92660406885759,20000
datasets/KrVsKpEW,BEOSA,75,0.8909233176838811,20000
datasets/KrVsKpEW,BEOSA,100,0.9203442879499217,20000
datasets/lung,BEOSA,25,0.9829268292682927,20000
datasets/lung,BEOSA,50,0.9853658536585366,20000
datasets/lung,BEOSA,75,0.9853658536585366,20000
datasets/lung,BEOSA,100,0.9829268292682927,20000
