datasets/Vote,BIEOSA,25,0.8633333333333333,20000
datasets/Vote,BIEOSA,50,0.9016666666666666,20000
datasets/Vote,BIEOSA,75,0.8733333333333333,20000
datasets/Vote,BIEOSA,100,0.8983333333333333,20000
datasets/KrVsKpEW,BIEOSA,25,0.6771517996870109,20000
datasets/KrVsKpEW,BIEOSA,50,0.6528951486697966,20000
datasets/KrVsKpEW,BIEOSA,75,0.6746478873239437,20000
datasets/KrVsKpEW,BIEOSA,100,0.7087636932707355,20000
datasets/lung,BIEOSA,25,0.9536585365853658,20000
datasets/lung,BIEOSA,50,0.9414634146341463,20000
datasets/lung,BIEOSA,75,0.9463414634146341,20000
datasets/lung,BIEOSA,100,0.9439024390243902,20000
datasets/WaveformEW,BIEOSA,25,0.7083,20000
