datasets/CongressEW,BDMO,25,0.7739463601532567,20000
datasets/CongressEW,BDMO,50,0.6666666666666666,20000
datasets/CongressEW,BDMO,75,0.789272030651341,20000
datasets/CongressEW,BDMO,100,0.7126436781609196,20000
datasets/Exactly2,BDMO,25,0.6183333333333333,20000
datasets/Exactly,BDMO,25,0.6133333333333334,20000
datasets/Exactly2,BDMO,50,0.6633333333333333,20000
datasets/Exactly,BDMO,50,0.5233333333333333,20000
datasets/Exactly2,BDMO,75,0.6616666666666666,20000
datasets/Exactly,BDMO,75,0.6033333333333334,20000
datasets/Exactly2,BDMO,100,0.6016666666666667,20000
datasets/Exactly,BDMO,100,0.6066666666666667,20000
datasets/HeartEW,BDMO,25,0.5493827160493827,20000
datasets/BreastEW,BDMO,25,0.8333333333333334,20000
datasets/BreastEW,BDMO,25,0.8976608187134503,20000
datasets/Zoo,BDMO,25,0.85,8.0
datasets/Zoo,BDMO,50,0.85,7.9219145485783375
datasets/Zoo,BDMO,75,0.25,1.0158557148944718
datasets/Zoo,BDMO,100,0.6,4.0
datasets/Vote,BDMO,25,0.5333333333333333,1.0
datasets/Vote,BDMO,25,0.8,2.243049287539712
datasets/Wine,BDMO,25,0.5833333333333334,1.0
datasets/Vote,BDMO,50,0.7333333333333333,3.03261403926681
datasets/Vote,BDMO,75,0.9166666666666666,6.31866327135125
datasets/Wine,BDMO,50,0.6666666666666666,5.0
datasets/Vote,BDMO,100,0.8333333333333334,7.0
datasets/Wine,BDMO,75,0.5,1.0
datasets/Wine,BDMO,100,0.6388888888888888,1.2643642193930429
datasets/KrVsKpEW,BDMO,25,0.47730829420970267,1.0
datasets/SpectEW,BDMO,25,0.7777777777777778,12.427431471745539
datasets/M-of-n,BDMO,25,0.51,2.0
datasets/SpectEW,BDMO,50,0.7407407407407407,6.353250308283603
datasets/KrVsKpEW,BDMO,50,0.4679186228482003,2.0
datasets/M-of-n,BDMO,50,0.6,1.8179305305817268
datasets/SpectEW,BDMO,75,0.7777777777777778,5.53785865144658
datasets/SpectEW,BDMO,100,0.5,1.0
datasets/M-of-n,BDMO,75,0.665,4.82315679106464
datasets/Lymphography,BDMO,25,0.43333333333333335,1.249664662299808
datasets/Sonar,BDMO,25,0.7857142857142857,13.957880037342383
datasets/KrVsKpEW,BDMO,75,0.47730829420970267,2.0
datasets/M-of-n,BDMO,100,0.615,5.0
datasets/Lymphography,BDMO,50,0.6,3.0
datasets/Sonar,BDMO,50,0.7142857142857143,20.45291922293883
datasets/Lymphography,BDMO,75,0.5333333333333333,5.0
datasets/Sonar,BDMO,75,0.5476190476190477,7.349864095412515
datasets/Lymphography,BDMO,100,0.5666666666666667,4.226587269710435
datasets/Wine,BDMO,25,0.5833333333333334,3.0
datasets/Wine,BDMO,50,0.5833333333333334,1.0
datasets/Sonar,BDMO,100,0.6190476190476191,5.310473480196625
datasets/Tic-tac-toe,BDMO,25,0.6510416666666666,3.3067432657569285
datasets/Tic-tac-toe,BDMO,50,0.5260416666666666,1.0
datasets/Tic-tac-toe,BDMO,75,0.5677083333333334,2.0
datasets/Ionosphere,BDMO,25,0.8285714285714286,12.0
datasets/Ionosphere,BDMO,50,0.8,13.707611187888414
datasets/Ionosphere,BDMO,75,0.8142857142857143,15.648332182432512
datasets/Tic-tac-toe,BDMO,100,0.5677083333333334,3.934840489596744
datasets/Ionosphere,BDMO,100,0.8285714285714286,15.505078011654392
datasets/WaveformEW,BDMO,25,0.355,1.0
datasets/WaveformEW,BDMO,50,0.464,1.0
datasets/WaveformEW,BDMO,75,0.468,2.0
datasets/SpectEW,BDMO,25,0.7222222222222222,6.0586749895252945
datasets/WaveformEW,BDMO,100,0.606,9.0
datasets/SpectEW,BDMO,50,0.7222222222222222,7.389826073407621
datasets/SpectEW,BDMO,75,0.7407407407407407,7.696636042555293
datasets/SpectEW,BDMO,100,0.5555555555555556,2.0
datasets/KrVsKpEW,BDMO,100,0.6525821596244131,2.1071923077911032
datasets/PenglungEW,BDMO,25,0.7333333333333333,176.1964777183418
datasets/PenglungEW,BDMO,50,0.7333333333333333,103.8949753829744
datasets/PenglungEW,BDMO,75,0.6666666666666666,189.3697778407596
datasets/PenglungEW,BDMO,100,0.4666666666666667,23.914500168550042
datasets/iris,BDMO,25,0.9666666666666667,2.0
datasets/iris,BDMO,50,0.8333333333333334,2.0
datasets/iris,BDMO,75,0.4,1.0
datasets/iris,BDMO,100,0.5666666666666667,1.0
datasets/PenglungEW,BDMO,100,1.0,73.18889982046511
datasets/KrVsKpEW,BDMO,75,0.5884194053208138,7.0
datasets/KrVsKpEW,BDMO,100,0.5414710485133021,2.0
