datasets/CongressEW,BEOSA,25,0.9655172413793103,20000
datasets/Exactly,BEOSA,25,0.71,20000
datasets/Exactly2,BEOSA,25,0.76,1.0
datasets/BreastCancer,BEOSA,25,0.9761904761904762,20000
datasets/CongressEW,BEOSA,50,0.9386973180076629,20000
datasets/BreastEW,BEOSA,25,0.9415204678362573,20000
datasets/HeartEW,BEOSA,25,0.7901234567901234,20000
datasets/Exactly2,BEOSA,50,0.76,1.0
datasets/Exactly,BEOSA,50,0.7316666666666667,20000
datasets/CongressEW,BEOSA,75,0.9770114942528736,20000
datasets/CongressEW,BEOSA,25,0.9616858237547893,20000
datasets/Exactly,BEOSA,25,0.69,1.0
datasets/HeartEW,BEOSA,25,0.7716049382716049,20000
datasets/Exactly2,BEOSA,25,0.76,1.0
datasets/CongressEW,BEOSA,50,0.9540229885057471,4.0
datasets/BreastCancer,BEOSA,25,0.9738095238095238,20000
datasets/Exactly2,BEOSA,50,0.76,1.0
datasets/BreastEW,BEOSA,25,0.9473684210526315,20000
datasets/Exactly,BEOSA,50,0.6966666666666667,20000
datasets/CongressEW,BEOSA,75,0.9655172413793104,3.0
datasets/Exactly2,BEOSA,75,0.76,1.0
datasets/HeartEW,BEOSA,50,0.7407407407407407,20000
datasets/Exactly,BEOSA,75,0.7316666666666667,20000
datasets/CongressEW,BEOSA,100,0.9501915708812261,20000
datasets/Exactly2,BEOSA,100,0.765,20000
datasets/BreastEW,BEOSA,50,0.9502923976608187,20000
datasets/Exactly,BEOSA,100,0.7166666666666667,20000
datasets/HeartEW,BEOSA,75,0.8271604938271605,20000
datasets/BreastEW,BEOSA,75,0.9590643274853802,20000
datasets/HeartEW,BEOSA,100,0.8395061728395062,20000
datasets/BreastEW,BEOSA,100,0.9590643274853802,20000
datasets/Ionosphere,BEOSA,25,0.9,20000
datasets/SpectEW,BEOSA,25,0.8580246913580247,20000
datasets/Sonar,BEOSA,25,0.8571428571428572,20000
datasets/Lymphography,BEOSA,25,0.7777777777777778,20000
datasets/M-of-n,BEOSA,25,0.8133333333333334,20000
datasets/Sonar,BEOSA,50,0.9047619047619048,37.0
datasets/SpectEW,BEOSA,50,0.888888888888889,20000
datasets/Ionosphere,BEOSA,50,0.9095238095238095,20000
datasets/Tic-tac-toe,BEOSA,25,0.7395833333333334,20000
datasets/Lymphography,BEOSA,50,0.8777777777777778,20000
datasets/M-of-n,BEOSA,50,0.8433333333333333,20000
datasets/Sonar,BEOSA,75,0.873015873015873,20000
datasets/SpectEW,BEOSA,75,0.8395061728395061,20000
datasets/Lymphography,BEOSA,75,0.8666666666666667,7.0
datasets/M-of-n,BEOSA,75,0.82,20000
datasets/Sonar,BEOSA,100,0.8809523809523809,17.0
datasets/Ionosphere,BEOSA,75,0.9476190476190477,20000
datasets/SpectEW,BEOSA,100,0.8641975308641975,20000
datasets/Tic-tac-toe,BEOSA,50,0.7743055555555556,20000
datasets/Ionosphere,BEOSA,100,0.9333333333333333,20000
datasets/Lymphography,BEOSA,100,0.8555555555555556,20000
datasets/M-of-n,BEOSA,100,0.8316666666666667,20000
datasets/Tic-tac-toe,BEOSA,75,0.7604166666666666,20000
datasets/Tic-tac-toe,BEOSA,100,0.7361111111111112,20000
datasets/Zoo,BEOSA,25,1.0,13.0
datasets/Zoo,BEOSA,50,0.9,7.0
datasets/Wine,BEOSA,25,0.9166666666666666,6.0
datasets/Wine,BEOSA,25,0.9722222222222222,5.0
datasets/Zoo,BEOSA,75,0.95,5.0
datasets/Wine,BEOSA,50,0.9166666666666666,5.0
datasets/Zoo,BEOSA,100,0.95,6.0
datasets/Wine,BEOSA,50,1.0,6.0
datasets/KrVsKpEW,BEOSA,25,0.9264475743348983,21.0
datasets/WaveformEW,BEOSA,25,0.811,23.0
datasets/Wine,BEOSA,75,0.9722222222222222,5.0
datasets/Wine,BEOSA,75,0.9444444444444444,4.0
datasets/Wine,BEOSA,100,0.9166666666666666,5.0
datasets/Wine,BEOSA,100,0.9722222222222222,3.0
datasets/KrVsKpEW,BEOSA,50,0.7965571205007824,24.0
datasets/WaveformEW,BEOSA,50,0.793,14.0
datasets/KrVsKpEW,BEOSA,75,0.9514866979655712,27.0
datasets/KrVsKpEW,BEOSA,25,0.9483568075117371,25.0
datasets/WaveformEW,BEOSA,25,0.804,25.0
datasets/KrVsKpEW,BEOSA,50,0.9608763693270735,26.0
datasets/WaveformEW,BEOSA,50,0.802,20.0
datasets/KrVsKpEW,BEOSA,75,0.9624413145539906,26.0
datasets/WaveformEW,BEOSA,75,0.821,26.0
datasets/KrVsKpEW,BEOSA,100,0.9687010954616588,26.0
datasets/WaveformEW,BEOSA,100,0.79,14.0
datasets/Vote,BEOSA,25,0.9333333333333333,8.0
datasets/Vote,BEOSA,25,0.9833333333333333,8.0
datasets/Vote,BEOSA,50,0.95,4.0
datasets/Vote,BEOSA,25,0.9833333333333333,3.0
datasets/M-of-n,BEOSA,25,0.84,8.0
datasets/Vote,BEOSA,50,0.9333333333333333,7.0
datasets/M-of-n,BEOSA,50,0.85,12.0
datasets/Vote,BEOSA,75,1.0,1.0
datasets/M-of-n,BEOSA,75,0.775,5.0
datasets/Vote,BEOSA,100,0.95,8.0
datasets/M-of-n,BEOSA,100,0.845,6.0
datasets/SpectEW,BEOSA,25,0.9444444444444444,11.0
datasets/SpectEW,BEOSA,50,0.8518518518518519,10.0
datasets/SpectEW,BEOSA,75,0.9074074074074074,12.0
datasets/SpectEW,BEOSA,100,0.8518518518518519,7.0
datasets/PenglungEW,BEOSA,25,0.9333333333333333,46.0
datasets/PenglungEW,BEOSA,50,0.8,134.0
datasets/iris,BEOSA,25,1.0,1.0
datasets/PenglungEW,BEOSA,75,0.8666666666666667,35.0
datasets/PenglungEW,BEOSA,100,0.8666666666666667,40.0
datasets/iris,BEOSA,50,1.0,2.0
datasets/iris,BEOSA,75,1.0,1.0
datasets/iris,BEOSA,100,0.9666666666666667,2.0
datasets/PenglungEW,BEOSA,100,0.7333333333333333,102.0
datasets/KrVsKpEW,BEOSA,75,0.7057902973395931,17.0
datasets/KrVsKpEW,BEOSA,100,0.8043818466353677,19.0
